
<theme>
    <formatVersion>4</formatVersion>
    <view name="menu">
        <menuIcons name="menuicons">
		    <iconBrightnessctl>./Brightnessctl.png</iconBrightnessctl>
            <iconKodi>./Kodi.png</iconKodi>
            <iconSystem>./System.png</iconSystem>
            <iconUpdates>./Updates.png</iconUpdates>
            <iconGames>./Games.png</iconGames>
            <iconControllers>./Controllers.png</iconControllers>
            <iconUI>./UI.png</iconUI>
            <iconSound>./Sound.png</iconSound>
            <iconNetwork>./Network.png</iconNetwork>
            <iconScraper>./Scraper.png</iconScraper>
            <iconAdvanced>./Advanced.png</iconAdvanced>
            <iconQuit>./Quit.png</iconQuit>
            <iconRestart>./Restart.png</iconRestart>
            <iconShutdown>./Shutdown.png</iconShutdown>
            <iconFastShutdown>./Fastshutdown.png</iconFastShutdown>
        </menuIcons>
    </view>
</theme>