<!--
theme name		: Switch-Mini-Black Rounded v3 (mod)
creator			: Dwayne Hurst (aka Hursty)
modplayer		: 涂鸦大侠（MOD）
mod version		: Chronoss
version         : 3.0_20240625
-->

<?xml version="1.0" encoding="UTF-8"?>
<theme>
   <formatVersion>4</formatVersion>
   <include>./_inc/icons/menuicons.xml</include>
	<include>./_inc/menu/menu.xml</include>
   
 <!-- 首面水平图标设定 -->
<feature supported="carousel">
   <view name="system">
      <carousel name="systemcarousel">
        <type>horizontal</type>
        <pos>0 0</pos>
        <size>1 1</size>
        <logoScale>1</logoScale>
        <logoSize>0.5 0.5</logoSize>
        <color>00000000</color>
	 <scrollSound>./_inc/select.wav</scrollSound>
        <maxLogoCount>3</maxLogoCount>
      </carousel>
	  
		<!-- Fond menu -->
      <image name="background" extra="true">
         <origin>0 0</origin>
         <pos>0 0</pos>
         <size>1 1</size>        
         <path>./_inc/system-global-bg-over.png</path>
      </image>
	  
		<!-- Nombre de jeux -->
		<text name="systemInfo">
		    <alignment>left</alignment>
			<pos>0.1 0.20</pos>
			<backgroundColor>00000000</backgroundColor>
			<color>18bdff</color>
			<fontPath>./_inc/fonts/BebasNeue.ttf</fontPath>
			<fontSize>0.05</fontSize>
		</text>
   </view>
</feature>


 <view name="screen">
    <text name="clock">
      <color>fdfdfd</color>
      <fontSize>0.041</fontSize>
      <pos>0.79 0.03</pos>
      <size>2.033 0.033</size>
      <alignment>left</alignment>
      <verticalAlignment>center</verticalAlignment>
    </text>
	

    <batteryIndicator name="batteryIndicator">
      <pos>2.955 0.0125</pos>
      <size>2.033 0.033</size>
      <incharge>./_inc/battery/incharge.svg</incharge>
      <full>./_inc/battery/full.svg</full>
      <at75>./_inc/battery/75.svg</at75>
      <at50>./_inc/battery/50.svg</at50>
      <at25>./_inc/battery/25.svg</at25>
      <empty>./_inc/battery/empty.svg</empty>
      <color>fdfdfd</color>
    </batteryIndicator>
	
    <batteryIndicator name="batteryIndicator" tinyScreen="true">
      <pos>0.880 0.013</pos>
      <size>0.07 0.07</size>
    </batteryIndicator>
  </view>



<feature supported="manufacturer">
    <view name="system">
      <text name="manufacturerName" extra="static">
	    <pos>0.0 0.18</pos>
        <size>0.98 0.15</size>
        <text>${system.manufacturer} [${system.releaseYear}]</text>
        <alignment>center</alignment>
        <fontPath>./_inc/fonts/digital-7.ttf</fontPath>
        <fontSize>0.04</fontSize>
        <color>FF8800</color>      
        <zIndex>100</zIndex>
      </text>
    </view>
  </feature>



<!-- 【【Grid风格UI】】-->
<view name="grid">
    <image name="background">
      <pos>0 0</pos>
      <origin>0 0</origin>
      <size>1 1</size>
      <path>./_inc/grid.png</path>
    </image>

    <text name="logoText">	<!-- nom consoles -->
      <pos>0.02 0.92</pos>
      <fontSize>0.04</fontSize>
      <alignment>left</alignment>
      <!--<alignment>left</alignment>-->
      <color>fdfdfd</color>
      <!-- <forceUppercase>true</forceUppercase>-->
    </text>

	<imagegrid name="gamegrid">
	  <margin>0.005 0.010</margin>
      <padding>0.03 0.03 0.02 0.1</padding>
      <animateSelection>true</animateSelection>
      <centerSelection>true</centerSelection>
      <pos>0 0.50</pos>
      <size>1 0.5</size>
      <autoLayout>5 1</autoLayout>
      <scrollDirection>horizontal</scrollDirection>
      <centerSelection>true</centerSelection>
      <scrollLoop>true</scrollLoop>
      <autoLayoutSelectedZoom>1.1</autoLayoutSelectedZoom>
	  <scrollSound>./_inc/select.wav</scrollSound>
      <zIndex>14</zIndex>
    </imagegrid>


	<!-- 游戏图标-->
    <gridtile name="default">
      <backgroundColor>202020</backgroundColor>
      <backgroundCornerSize>5 5</backgroundCornerSize>
      <selectionMode>image</selectionMode>
      <padding>5 5</padding>
      <imageColor>FFFFFF55</imageColor>
    </gridtile>
	<!-- 选中图标-->
    <gridtile name="selected">
      <imageColor>FFFFFFFF</imageColor>
    </gridtile>
	
	<!-- 右上角显示游戏名称-->
    <text name="md_name">
      <pos>0.52 0.08</pos>
      <size>0.5 0.05</size>
      <color>00FFEE</color>
      <fontSize>0.05</fontSize>
      <alignment>left</alignment>
      <glowSize>2</glowSize>
    </text>
	
    <video name="md_video">
      <pos>0.276 0.259</pos>
      <maxSize>0.46 0.436</maxSize>
      <origin>0.5 0.5</origin>
      <delay>1</delay>
      <showSnapshotNoVideo>true</showSnapshotNoVideo>
      <showSnapshotDelay>true</showSnapshotDelay>
      <loops>0</loops>
    </video>
	
    <text name="md_description">
      <pos>0.52 0.17</pos>
      <size>0.40 0.28</size>
      <fontSize>0.025</fontSize>
      <color>e7e7e7</color>
    </text>

    <text name="md_lbl_rating, md_lbl_releasedate, md_lbl_developer, md_lbl_publisher, md_lbl_genre,, md_lbl_lastplayed, md_lbl_playcount">
      <visible>false</visible>
    </text>
    <text name="md_developer, md_publisher, md_genre, md_playcount, md_description">
      <visible>false</visible>
    </text>
    <datetime name="md_releasedate, md_lastplayed">
      <visible>false</visible>
    </datetime>
    <rating name="md_rating">
	  <visible>false</visible>
      <pos>0.88 0.88</pos>
      <size>0.05 0.03</size>
      <color>FFFFFF</color>
      <unfilledColor>808080</unfilledColor>
    </rating>
	
</view>


<!-- 【【detailed,video风格UI】】-->
<view name="detailed,video">

	<image name="background" extra="true">	<!--背景图-->
         <origin>0 0</origin>
         <pos>0 0</pos>
         <size>1 1</size>
         <path>./_inc/ingame-global-bg.png</path>
	</image>

	<textlist name="gamelist">	<!--gamelist jeux-->
         <pos>0.01 0.03</pos>
         <size>0.34 0.91</size>
         <selectorColor>a3a3a3</selectorColor>
         <selectedColor>ffffff</selectedColor>
         <primaryColor>8e8e8e</primaryColor>
         <secondaryColor>6e6e6e</secondaryColor>
         <fontPath>./_inc/fonts/Oxygen-Regular.ttf</fontPath>
         <fontSize>0.036</fontSize>
         <forceUppercase>1</forceUppercase>
         <scrollSound>./_inc/select.wav</scrollSound>
         <alignment>left</alignment>
		<!-- <lineSpacing>0</lineSpacing> <!-- 游戏列表的行间距-->
	</textlist>
	
	 <text name="md_name">	<!-- 游戏名称-->
		<pos>0.42 0.58</pos>
		<size>0.5 0.02</size>
		<color>ff9600</color>
		<fontSize>0.04</fontSize>
		<alignment>center</alignment>
		<glowSize>2</glowSize>
    </text>
	  
	<image name="systemboxart" extra="true">
		<pos>0.39 0.61</pos>
		<maxSize>0.3 0.3</maxSize>
		<path>./_inc/system.png</path>
	</image>

	<video name="md_video">	<!--视频-->
         <pos>0.69 0.31</pos>
         <maxSize>0.5 0.5</maxSize>
         <delay>1.0</delay>
         <showSnapshotNoVideo>true</showSnapshotNoVideo>
         <showSnapshotDelay>true</showSnapshotDelay>
	</video>
	
	<image name="md_marquee">	<!--右下小LOGO-->
        <pos>0.79 0.76</pos>
        <origin>0.5 0.5</origin>
        <maxSize>0.35 0.35</maxSize>
	</image>          

</view>
   

   
<!-- 【【Basic风格子栏】】-->
<view name="basic">
	<textlist name="gamelist">
         <pos>0.01 0.03</pos>
         <size>0.6 0.9</size>
         <selectorColor>a3a3a3</selectorColor>
         <selectedColor>ffffff</selectedColor>
         <primaryColor>8e8e8e</primaryColor>
         <secondaryColor>6e6e6e</secondaryColor>
         <fontPath>./_inc/fonts/Oxygen-Regular.ttf</fontPath>
         <fontSize>0.036</fontSize>
         <forceUppercase>1</forceUppercase>
         <scrollSound>./_inc/select.wav</scrollSound>
         <alignment>left</alignment>
	</textlist>
	  
	<image name="background" extra="true">
         <origin>0 0</origin>
         <pos>0 0</pos>
         <size>1 1</size>
         <path>./_inc/ingame-global-bg-basic.png</path>
	</image>
	<!--【【 页内系统图标位置】】-->
	<image name="systemboxart" extra="true">
			<pos>0.64 0.10</pos>
			<maxSize>0.4 0.4</maxSize>
			<path>./_inc/system.png</path>
	</image>
	
</view>   

<view name="system">
	<image name="logo">
		<path>./_inc/system.png</path>
	</image>
</view>

</theme>
